timestamp,dd,mm,yy,git_action_complete
2025-08-29 17:13:27,29,08,25,yes
2025-08-29 12:03:32,29,08,25,yes
2025-08-29 12:13:31,29,08,25,yes
2025-08-29 12:17:15,29,08,25,yes
2025-08-29 17:41:22,29,08,25,yes
2025-08-29 12:19:41,29,08,25,yes
2025-08-29 12:20:43,29,08,25,yes
2025-08-29 12:22:56,29,08,25,yes
2025-08-29 12:23:06,29,08,25,yes
2025-08-29 12:27:09,29,08,25,yes
2025-08-29 12:27:46,29,08,25,yes
2025-08-29 12:59:24,29,08,25,yes
2025-08-29 13:29:05,29,08,25,yes
2025-08-29 13:43:25,29,08,25,yes
2025-08-29 13:50:48,29,08,25,yes
2025-08-29 13:58:17,29,08,25,yes
2025-08-29 14:17:43,29,08,25,yes
2025-08-29 14:35:20,29,08,25,yes
2025-08-29 14:45:41,29,08,25,yes
2025-08-29 14:53:17,29,08,25,yes
2025-08-29 15:06:44,29,08,25,yes
2025-08-29 15:26:19,29,08,25,yes
2025-08-29 15:37:12,29,08,25,yes
2025-08-29 15:44:58,29,08,25,yes
2025-08-29 15:52:42,29,08,25,yes
2025-08-29 15:59:41,29,08,25,yes
2025-08-29 16:27:34,29,08,25,yes
2025-08-29 16:44:57,29,08,25,yes
2025-08-29 16:53:54,29,08,25,yes
2025-08-29 17:08:10,29,08,25,yes
2025-08-29 17:26:37,29,08,25,yes
2025-08-29 17:37:38,29,08,25,yes
2025-08-29 17:45:05,29,08,25,yes
2025-08-29 17:52:31,29,08,25,yes
2025-08-29 17:59:57,29,08,25,yes
2025-08-29 18:29:07,29,08,25,yes
2025-08-29 18:46:18,29,08,25,yes
2025-08-29 18:53:48,29,08,25,yes
2025-08-29 19:06:58,29,08,25,yes
2025-08-29 19:21:01,29,08,25,yes
2025-08-29 19:28:23,29,08,25,yes
2025-08-29 19:37:27,29,08,25,yes
2025-08-29 19:44:56,29,08,25,yes
2025-08-29 19:52:30,29,08,25,yes
2025-08-29 19:59:33,29,08,25,yes
2025-08-29 20:22:52,29,08,25,yes
2025-08-29 20:35:29,29,08,25,yes
2025-08-29 20:44:04,29,08,25,yes
2025-08-29 20:51:47,29,08,25,yes
2025-08-29 20:59:00,29,08,25,yes
2025-08-29 21:17:57,29,08,25,yes
2025-08-29 21:29:13,29,08,25,yes
2025-08-29 21:37:45,29,08,25,yes
2025-08-29 21:45:10,29,08,25,yes
2025-08-29 21:52:24,29,08,25,yes
2025-08-29 21:59:24,29,08,25,yes
2025-08-29 22:19:31,29,08,25,yes
2025-08-29 22:33:54,29,08,25,yes
2025-08-29 22:42:36,29,08,25,yes
2025-08-29 22:49:50,29,08,25,yes
2025-08-29 22:57:03,29,08,25,yes
2025-08-29 23:15:01,29,08,25,yes
2025-08-29 23:27:53,29,08,25,yes
2025-08-29 23:36:33,29,08,25,yes
2025-08-29 23:44:01,29,08,25,yes
2025-08-29 23:51:31,29,08,25,yes
2025-08-29 23:58:57,29,08,25,yes
2025-08-30 01:27:01,30,08,25,yes
2025-08-30 02:39:58,30,08,25,yes
2025-08-30 03:18:30,30,08,25,yes
2025-08-30 03:41:25,30,08,25,yes
2025-08-30 03:50:35,30,08,25,yes
2025-08-30 03:58:10,30,08,25,yes
2025-08-30 04:20:57,30,08,25,yes
2025-08-30 04:37:19,30,08,25,yes
2025-08-30 04:45:38,30,08,25,yes
2025-08-30 04:53:01,30,08,25,yes
2025-08-30 05:00:21,30,08,25,yes
2025-08-30 05:21:04,30,08,25,yes
2025-08-30 05:33:35,30,08,25,yes
2025-08-30 05:42:04,30,08,25,yes
2025-08-30 05:49:17,30,08,25,yes
2025-08-30 05:56:26,30,08,25,yes
2025-08-30 06:19:25,30,08,25,yes
2025-08-30 06:40:57,30,08,25,yes
2025-08-30 06:50:29,30,08,25,yes
2025-08-30 06:58:02,30,08,25,yes
2025-08-30 07:15:25,30,08,25,yes
2025-08-30 07:26:49,30,08,25,yes
2025-08-30 07:35:26,30,08,25,yes
2025-08-30 07:42:43,30,08,25,yes
2025-08-30 07:50:16,30,08,25,yes
2025-08-30 07:57:20,30,08,25,yes
2025-08-30 08:19:26,30,08,25,yes
2025-08-30 08:36:31,30,08,25,yes
2025-08-30 08:46:54,30,08,25,yes
2025-08-30 08:54:08,30,08,25,yes
2025-08-30 09:09:11,30,08,25,yes
2025-08-30 09:26:17,30,08,25,yes
2025-08-30 09:34:55,30,08,25,yes
2025-08-30 09:42:17,30,08,25,yes
2025-08-30 09:49:39,30,08,25,yes
2025-08-30 09:56:59,30,08,25,yes
2025-08-30 10:14:33,30,08,25,yes
2025-08-30 10:31:52,30,08,25,yes
2025-08-30 10:42:07,30,08,25,yes
2025-08-30 10:49:38,30,08,25,yes
2025-08-30 10:56:43,30,08,25,yes
2025-08-30 11:11:28,30,08,25,yes
2025-08-30 11:23:24,30,08,25,yes
2025-08-30 11:30:42,30,08,25,yes
2025-08-30 11:39:18,30,08,25,yes
2025-08-30 11:46:40,30,08,25,yes
2025-08-30 11:53:45,30,08,25,yes
2025-08-30 12:15:09,30,08,25,yes
2025-08-30 12:52:11,30,08,25,yes
2025-08-30 13:13:24,30,08,25,yes
2025-08-30 13:30:43,30,08,25,yes
2025-08-30 13:39:57,30,08,25,yes
2025-08-30 13:47:31,30,08,25,yes
2025-08-30 13:54:31,30,08,25,yes
2025-08-30 14:08:41,30,08,25,yes
2025-08-30 14:26:20,30,08,25,yes
2025-08-30 14:36:42,30,08,25,yes
2025-08-30 14:44:11,30,08,25,yes
2025-08-30 14:51:39,30,08,25,yes
2025-08-30 14:58:45,30,08,25,yes
2025-08-30 15:17:39,30,08,25,yes
2025-08-30 15:29:26,30,08,25,yes
2025-08-30 15:37:56,30,08,25,yes
2025-08-30 15:45:05,30,08,25,yes
2025-08-30 15:52:44,30,08,25,yes
2025-08-30 15:59:55,30,08,25,yes
2025-08-30 16:25:15,30,08,25,yes
2025-08-30 16:40:16,30,08,25,yes
2025-08-30 16:48:46,30,08,25,yes
2025-08-30 16:56:01,30,08,25,yes
2025-08-30 17:10:43,30,08,25,yes
2025-08-30 17:26:28,30,08,25,yes
2025-08-30 17:35:55,30,08,25,yes
2025-08-30 17:43:06,30,08,25,yes
2025-08-30 17:50:36,30,08,25,yes
2025-08-30 17:57:39,30,08,25,yes
2025-08-30 18:22:03,30,08,25,yes
2025-08-30 18:40:26,30,08,25,yes
2025-08-30 18:50:06,30,08,25,yes
2025-08-30 18:57:20,30,08,25,yes
2025-08-30 19:12:24,30,08,25,yes
2025-08-30 19:22:47,30,08,25,yes
2025-08-30 19:30:07,30,08,25,yes
2025-08-30 19:38:43,30,08,25,yes
2025-08-30 19:46:17,30,08,25,yes
2025-08-30 19:53:37,30,08,25,yes
2025-08-30 20:08:23,30,08,25,yes
2025-08-30 20:27:28,30,08,25,yes
2025-08-30 20:37:32,30,08,25,yes
2025-08-30 20:45:03,30,08,25,yes
2025-08-30 20:52:13,30,08,25,yes
2025-08-30 20:59:44,30,08,25,yes
2025-08-30 21:18:12,30,08,25,yes
2025-08-30 21:28:24,30,08,25,yes
2025-08-30 21:36:55,30,08,25,yes
2025-08-30 21:44:05,30,08,25,yes
2025-08-30 21:51:33,30,08,25,yes
2025-08-30 21:58:41,30,08,25,yes
2025-08-30 22:17:25,30,08,25,yes
2025-08-30 22:32:10,30,08,25,yes
2025-08-30 22:41:49,30,08,25,yes
2025-08-30 22:49:06,30,08,25,yes
2025-08-30 22:56:40,30,08,25,yes
2025-08-30 23:13:43,30,08,25,yes
2025-08-30 23:27:05,30,08,25,yes
2025-08-30 23:35:44,30,08,25,yes
2025-08-30 23:43:16,30,08,25,yes
2025-08-30 23:50:23,30,08,25,yes
2025-08-30 23:57:29,30,08,25,yes
2025-08-31 01:23:57,31,08,25,yes
2025-08-31 02:47:42,31,08,25,yes
2025-08-31 03:29:03,31,08,25,yes
2025-08-31 03:49:56,31,08,25,yes
2025-08-31 03:57:05,31,08,25,yes
2025-08-31 04:19:10,31,08,25,yes
2025-08-31 04:36:54,31,08,25,yes
2025-08-31 04:46:11,31,08,25,yes
2025-08-31 04:53:39,31,08,25,yes
2025-08-31 05:08:34,31,08,25,yes
2025-08-31 05:28:37,31,08,25,yes
2025-08-31 05:39:41,31,08,25,yes
2025-08-31 05:46:56,31,08,25,yes
2025-08-31 05:54:13,31,08,25,yes
2025-08-31 06:13:43,31,08,25,yes
2025-08-31 06:39:42,31,08,25,yes
2025-08-31 06:51:05,31,08,25,yes
2025-08-31 06:58:34,31,08,25,yes
2025-08-31 07:17:18,31,08,25,yes
2025-08-31 07:28:30,31,08,25,yes
2025-08-31 07:36:34,31,08,25,yes
2025-08-31 07:44:05,31,08,25,yes
2025-08-31 07:51:27,31,08,25,yes
2025-08-31 07:58:35,31,08,25,yes
2025-08-31 08:22:34,31,08,25,yes
2025-08-31 08:37:45,31,08,25,yes
2025-08-31 08:46:58,31,08,25,yes
2025-08-31 08:53:59,31,08,25,yes
2025-08-31 09:04:18,31,08,25,yes
2025-08-31 09:08:46,31,08,25,yes
2025-08-31 09:25:40,31,08,25,yes
2025-08-31 09:34:29,31,08,25,yes
2025-08-31 09:41:32,31,08,25,yes
2025-08-31 09:49:12,31,08,25,yes
2025-08-31 09:56:36,31,08,25,yes
2025-08-31 10:14:00,31,08,25,yes
2025-08-31 10:31:53,31,08,25,yes
2025-08-31 10:42:13,31,08,25,yes
2025-08-31 10:49:48,31,08,25,yes
2025-08-31 10:56:57,31,08,25,yes
2025-08-31 11:11:40,31,08,25,yes
2025-08-31 11:23:31,31,08,25,yes
2025-08-31 11:30:59,31,08,25,yes
2025-08-31 11:39:40,31,08,25,yes
2025-08-31 11:47:09,31,08,25,yes
2025-08-31 11:54:41,31,08,25,yes
2025-08-31 12:19:38,31,08,25,yes
2025-08-31 12:54:39,31,08,25,yes
2025-08-31 13:17:22,31,08,25,yes
2025-08-31 13:33:16,31,08,25,yes
2025-08-31 13:41:49,31,08,25,yes
2025-08-31 13:49:26,31,08,25,yes
2025-08-31 13:56:35,31,08,25,yes
2025-08-31 14:12:30,31,08,25,yes
2025-08-31 14:29:04,31,08,25,yes
2025-08-31 14:38:57,31,08,25,yes
2025-08-31 14:46:31,31,08,25,yes
2025-08-31 14:53:35,31,08,25,yes
2025-08-31 15:07:09,31,08,25,yes
2025-08-31 15:25:19,31,08,25,yes
2025-08-31 15:35:17,31,08,25,yes
2025-08-31 15:42:55,31,08,25,yes
2025-08-31 15:50:27,31,08,25,yes
2025-08-31 15:58:02,31,08,25,yes
2025-08-31 16:20:24,31,08,25,yes
2025-08-31 16:38:59,31,08,25,yes
2025-08-31 16:48:14,31,08,25,yes
2025-08-31 16:55:23,31,08,25,yes
2025-08-31 17:09:54,31,08,25,yes
2025-08-31 17:26:18,31,08,25,yes
2025-08-31 17:36:37,31,08,25,yes
2025-08-31 17:44:09,31,08,25,yes
2025-08-31 17:51:43,31,08,25,yes
2025-08-31 17:58:46,31,08,25,yes
2025-08-31 18:26:20,31,08,25,yes
2025-08-31 18:43:43,31,08,25,yes
2025-08-31 18:51:34,31,08,25,yes
2025-08-31 18:58:50,31,08,25,yes
2025-08-31 19:14:52,31,08,25,yes
2025-08-31 19:24:37,31,08,25,yes
2025-08-31 19:32:53,31,08,25,yes
2025-08-31 19:40:18,31,08,25,yes
2025-08-31 19:47:59,31,08,25,yes
2025-08-31 19:55:28,31,08,25,yes
2025-08-31 20:12:59,31,08,25,yes
2025-08-31 20:29:55,31,08,25,yes
2025-08-31 20:40:35,31,08,25,yes
2025-08-31 20:48:08,31,08,25,yes
2025-08-31 20:55:27,31,08,25,yes
2025-08-31 21:10:45,31,08,25,yes
2025-08-31 21:25:50,31,08,25,yes
2025-08-31 21:34:25,31,08,25,yes
2025-08-31 21:41:56,31,08,25,yes
2025-08-31 21:49:34,31,08,25,yes
2025-08-31 21:56:44,31,08,25,yes
2025-08-31 22:13:52,31,08,25,yes
2025-08-31 22:31:01,31,08,25,yes
2025-08-31 22:42:03,31,08,25,yes
2025-08-31 22:49:30,31,08,25,yes
2025-08-31 22:56:54,31,08,25,yes
2025-08-31 23:14:12,31,08,25,yes
2025-08-31 23:27:41,31,08,25,yes
2025-08-31 23:36:25,31,08,25,yes
2025-08-31 23:43:28,31,08,25,yes
2025-08-31 23:51:05,31,08,25,yes
2025-08-31 23:58:23,31,08,25,yes
2025-09-01 01:48:13,01,09,25,yes
2025-09-01 03:12:32,01,09,25,yes
2025-09-01 03:58:19,01,09,25,yes
2025-09-01 04:28:37,01,09,25,yes
2025-09-01 04:47:37,01,09,25,yes
2025-09-01 04:56:02,01,09,25,yes
2025-09-01 05:15:05,01,09,25,yes
2025-09-01 05:34:01,01,09,25,yes
2025-09-01 05:45:03,01,09,25,yes
2025-09-01 05:52:35,01,09,25,yes
2025-09-01 05:59:43,01,09,25,yes
2025-09-01 06:36:38,01,09,25,yes
2025-09-01 06:55:54,01,09,25,yes
2025-09-01 07:15:12,01,09,25,yes
2025-09-01 07:30:58,01,09,25,yes
2025-09-01 07:41:48,01,09,25,yes
2025-09-01 07:49:26,01,09,25,yes
2025-09-01 07:56:58,01,09,25,yes
2025-09-01 08:23:45,01,09,25,yes
2025-09-01 08:44:54,01,09,25,yes
2025-09-01 08:56:48,01,09,25,yes
2025-09-01 09:19:06,01,09,25,yes
2025-09-01 09:38:30,01,09,25,yes
2025-09-01 09:48:28,01,09,25,yes
2025-09-01 09:55:57,01,09,25,yes
2025-09-01 10:16:08,01,09,25,yes
2025-09-01 10:39:36,01,09,25,yes
2025-09-01 10:50:02,01,09,25,yes
2025-09-01 10:57:25,01,09,25,yes
2025-09-01 11:14:28,01,09,25,yes
2025-09-01 11:27:15,01,09,25,yes
2025-09-01 11:36:46,01,09,25,yes
2025-09-01 11:44:12,01,09,25,yes
2025-09-01 11:51:49,01,09,25,yes
2025-09-01 11:59:20,01,09,25,yes
2025-09-01 12:46:21,01,09,25,yes
2025-09-01 13:18:53,01,09,25,yes
2025-09-01 13:41:11,01,09,25,yes
2025-09-01 13:50:31,01,09,25,yes
2025-09-01 13:57:41,01,09,25,yes
2025-09-01 14:17:04,01,09,25,yes
2025-09-01 14:34:56,01,09,25,yes
2025-09-01 14:45:48,01,09,25,yes
2025-09-01 14:52:55,01,09,25,yes
2025-09-01 15:00:20,01,09,25,yes
2025-09-01 15:23:46,01,09,25,yes
2025-09-01 15:35:49,01,09,25,yes
2025-09-01 15:44:18,01,09,25,yes
2025-09-01 15:51:56,01,09,25,yes
2025-09-01 15:59:19,01,09,25,yes
2025-09-01 16:25:48,01,09,25,yes
2025-09-01 16:43:03,01,09,25,yes
2025-09-01 16:52:07,01,09,25,yes
2025-09-01 16:59:40,01,09,25,yes
2025-09-01 17:17:46,01,09,25,yes
2025-09-01 17:30:52,01,09,25,yes
2025-09-01 17:40:13,01,09,25,yes
2025-09-01 17:47:56,01,09,25,yes
2025-09-01 17:55:27,01,09,25,yes
2025-09-01 18:17:34,01,09,25,yes
2025-09-01 18:41:28,01,09,25,yes
2025-09-01 18:51:54,01,09,25,yes
2025-09-01 18:59:22,01,09,25,yes
2025-09-01 19:16:24,01,09,25,yes
2025-09-01 19:25:46,01,09,25,yes
2025-09-01 19:35:13,01,09,25,yes
2025-09-01 19:42:44,01,09,25,yes
2025-09-01 19:50:18,01,09,25,yes
2025-09-01 19:57:25,01,09,25,yes
2025-09-01 20:17:27,01,09,25,yes
2025-09-01 20:31:50,01,09,25,yes
2025-09-01 20:42:05,01,09,25,yes
2025-09-01 20:49:34,01,09,25,yes
2025-09-01 20:56:53,01,09,25,yes
2025-09-01 21:13:21,01,09,25,yes
2025-09-01 21:27:00,01,09,25,yes
2025-09-01 21:35:34,01,09,25,yes
2025-09-01 21:42:57,01,09,25,yes
2025-09-01 21:50:28,01,09,25,yes
2025-09-01 21:57:34,01,09,25,yes
2025-09-01 22:15:39,01,09,25,yes
2025-09-01 22:32:13,01,09,25,yes
2025-09-01 22:42:42,01,09,25,yes
2025-09-01 22:50:16,01,09,25,yes
2025-09-01 22:57:47,01,09,25,yes
2025-09-01 23:15:53,01,09,25,yes
2025-09-01 23:29:00,01,09,25,yes
2025-09-01 23:38:30,01,09,25,yes
2025-09-01 23:45:41,01,09,25,yes
2025-09-01 23:53:17,01,09,25,yes
2025-09-02 00:39:55,02,09,25,yes
2025-09-02 02:17:34,02,09,25,yes
2025-09-02 03:14:41,02,09,25,yes
2025-09-02 03:46:08,02,09,25,yes
2025-09-02 03:57:37,02,09,25,yes
2025-09-02 04:21:08,02,09,25,yes
2025-09-02 04:40:03,02,09,25,yes
2025-09-02 04:51:12,02,09,25,yes
2025-09-02 04:58:23,02,09,25,yes
2025-09-02 05:19:28,02,09,25,yes
2025-09-02 05:36:49,02,09,25,yes
2025-09-02 05:45:50,02,09,25,yes
2025-09-02 05:52:50,02,09,25,yes
2025-09-02 05:59:56,02,09,25,yes
2025-09-02 06:35:20,02,09,25,yes
2025-09-02 06:53:43,02,09,25,yes
2025-09-02 07:09:48,02,09,25,yes
2025-09-02 07:28:33,02,09,25,yes
2025-09-02 07:39:43,02,09,25,yes
2025-09-02 07:47:05,02,09,25,yes
2025-09-02 07:54:33,02,09,25,yes
2025-09-02 08:15:58,02,09,25,yes
2025-09-02 08:41:09,02,09,25,yes
2025-09-02 08:54:18,02,09,25,yes
2025-09-02 09:12:04,02,09,25,yes
2025-09-02 09:31:22,02,09,25,yes
2025-09-02 09:43:09,02,09,25,yes
2025-09-02 09:50:47,02,09,25,yes
2025-09-02 09:58:18,02,09,25,yes
2025-09-02 10:20:20,02,09,25,yes
2025-09-02 10:39:46,02,09,25,yes
2025-09-02 10:49:44,02,09,25,yes
2025-09-02 10:56:56,02,09,25,yes
2025-09-02 11:13:28,02,09,25,yes
2025-09-02 11:26:44,02,09,25,yes
2025-09-02 11:36:00,02,09,25,yes
2025-09-02 11:43:21,02,09,25,yes
2025-09-02 11:50:40,02,09,25,yes
2025-09-02 11:58:10,02,09,25,yes
2025-09-02 12:39:37,02,09,25,yes
2025-09-02 13:17:12,02,09,25,yes
2025-09-02 13:41:54,02,09,25,yes
2025-09-02 13:51:44,02,09,25,yes
2025-09-02 13:59:00,02,09,25,yes
2025-09-02 14:20:53,02,09,25,yes
2025-09-02 14:40:06,02,09,25,yes
2025-09-02 14:50:51,02,09,25,yes
2025-09-02 14:58:21,02,09,25,yes
2025-09-02 15:20:33,02,09,25,yes
2025-09-02 15:37:23,02,09,25,yes
2025-09-02 15:46:33,02,09,25,yes
2025-09-02 15:54:08,02,09,25,yes
2025-09-02 16:12:29,02,09,25,yes
2025-09-02 16:37:59,02,09,25,yes
2025-09-02 16:50:25,02,09,25,yes
2025-09-02 16:58:03,02,09,25,yes
2025-09-02 17:15:42,02,09,25,yes
2025-09-02 17:30:05,02,09,25,yes
2025-09-02 17:40:22,02,09,25,yes
2025-09-02 17:47:54,02,09,25,yes
2025-09-02 17:55:13,02,09,25,yes
2025-09-02 18:15:33,02,09,25,yes
2025-09-02 18:39:56,02,09,25,yes
2025-09-02 18:50:49,02,09,25,yes
2025-09-02 18:58:11,02,09,25,yes
2025-09-02 19:14:05,02,09,25,yes
2025-09-02 19:24:02,02,09,25,yes
2025-09-02 19:32:12,02,09,25,yes
2025-09-02 19:40:26,02,09,25,yes
2025-09-02 19:47:44,02,09,25,yes
2025-09-02 19:54:48,02,09,25,yes
2025-09-02 20:12:10,02,09,25,yes
2025-09-02 20:27:36,02,09,25,yes
2025-09-02 20:37:39,02,09,25,yes
2025-09-02 20:45:00,02,09,25,yes
2025-09-02 20:52:29,02,09,25,yes
2025-09-02 21:00:09,02,09,25,yes
2025-09-02 21:19:09,02,09,25,yes
2025-09-02 21:28:36,02,09,25,yes
2025-09-02 21:37:06,02,09,25,yes
2025-09-02 21:44:37,02,09,25,yes
2025-09-02 21:51:56,02,09,25,yes
2025-09-02 21:59:21,02,09,25,yes
2025-09-02 22:17:39,02,09,25,yes
2025-09-02 22:31:16,02,09,25,yes
2025-09-02 22:40:50,02,09,25,yes
2025-09-02 22:48:30,02,09,25,yes
2025-09-02 22:55:38,02,09,25,yes
2025-09-02 23:10:52,02,09,25,yes
2025-09-02 23:24:55,02,09,25,yes
2025-09-02 23:33:33,02,09,25,yes
2025-09-02 23:41:19,02,09,25,yes
2025-09-02 23:48:51,02,09,25,yes
2025-09-02 23:56:26,02,09,25,yes
2025-09-03 01:06:52,03,09,25,yes
2025-09-03 02:23:54,03,09,25,yes
2025-09-03 03:05:56,03,09,25,yes
2025-09-03 03:34:29,03,09,25,yes
2025-09-03 03:46:57,03,09,25,yes
2025-09-03 03:54:33,03,09,25,yes
2025-09-03 04:13:03,03,09,25,yes
2025-09-03 04:33:22,03,09,25,yes
2025-09-03 04:45:14,03,09,25,yes
2025-09-03 04:52:45,03,09,25,yes
2025-09-03 04:59:58,03,09,25,yes
2025-09-03 05:20:25,03,09,25,yes
2025-09-03 05:33:44,03,09,25,yes
2025-09-03 05:42:53,03,09,25,yes
2025-09-03 05:50:18,03,09,25,yes
2025-09-03 05:57:37,03,09,25,yes
2025-09-03 06:24:59,03,09,25,yes
2025-09-03 06:44:30,03,09,25,yes
2025-09-03 06:53:18,03,09,25,yes
2025-09-03 07:08:23,03,09,25,yes
2025-09-03 07:25:43,03,09,25,yes
2025-09-03 07:35:44,03,09,25,yes
2025-09-03 07:42:52,03,09,25,yes
2025-09-03 07:50:16,03,09,25,yes
2025-09-03 07:57:37,03,09,25,yes
2025-09-03 08:22:35,03,09,25,yes
2025-09-03 08:41:28,03,09,25,yes
2025-09-03 08:52:55,03,09,25,yes
2025-09-03 09:00:05,03,09,25,yes
2025-09-03 09:24:02,03,09,25,yes
2025-09-03 09:36:17,03,09,25,yes
2025-09-03 09:43:56,03,09,25,yes
2025-09-03 09:51:38,03,09,25,yes
2025-09-03 09:58:54,03,09,25,yes
2025-09-03 10:20:08,03,09,25,yes
2025-09-03 10:36:30,03,09,25,yes
2025-09-03 10:44:50,03,09,25,yes
2025-09-03 10:52:19,03,09,25,yes
2025-09-03 10:59:44,03,09,25,yes
2025-09-03 11:17:57,03,09,25,yes
2025-09-03 11:27:41,03,09,25,yes
2025-09-03 11:36:59,03,09,25,yes
2025-09-03 11:44:36,03,09,25,yes
2025-09-03 11:52:16,03,09,25,yes
2025-09-03 11:59:35,03,09,25,yes
2025-09-03 12:43:51,03,09,25,yes
2025-09-03 13:15:29,03,09,25,yes
2025-09-03 13:37:16,03,09,25,yes
2025-09-03 13:47:34,03,09,25,yes
2025-09-03 13:54:56,03,09,25,yes
2025-09-03 14:12:32,03,09,25,yes
2025-09-03 14:32:20,03,09,25,yes
2025-09-03 14:45:03,03,09,25,yes
2025-09-03 14:52:52,03,09,25,yes
2025-09-03 15:00:27,03,09,25,yes
2025-09-03 15:25:24,03,09,25,yes
2025-09-03 15:37:58,03,09,25,yes
2025-09-03 15:45:33,03,09,25,yes
2025-09-03 15:53:15,03,09,25,yes
2025-09-03 16:09:51,03,09,25,yes
2025-09-03 16:35:00,03,09,25,yes
2025-09-03 16:48:08,03,09,25,yes
2025-09-03 16:55:21,03,09,25,yes
2025-09-03 17:10:38,03,09,25,yes
2025-09-03 17:28:19,03,09,25,yes
2025-09-03 17:38:33,03,09,25,yes
2025-09-03 17:45:36,03,09,25,yes
2025-09-03 17:52:47,03,09,25,yes
2025-09-03 18:00:02,03,09,25,yes
2025-09-03 18:31:37,03,09,25,yes
2025-09-03 18:45:40,03,09,25,yes
2025-09-03 18:52:44,03,09,25,yes
2025-09-03 19:00:22,03,09,25,yes
2025-09-03 19:18:29,03,09,25,yes
2025-09-03 19:27:19,03,09,25,yes
2025-09-03 19:36:24,03,09,25,yes
2025-09-03 19:43:38,03,09,25,yes
2025-09-03 19:51:01,03,09,25,yes
2025-09-03 19:58:44,03,09,25,yes
2025-09-03 20:20:48,03,09,25,yes
2025-09-03 20:34:31,03,09,25,yes
2025-09-03 20:43:41,03,09,25,yes
2025-09-03 20:51:23,03,09,25,yes
2025-09-03 20:58:36,03,09,25,yes
2025-09-03 21:16:32,03,09,25,yes
2025-09-03 21:28:14,03,09,25,yes
2025-09-03 21:36:39,03,09,25,yes
2025-09-03 21:43:48,03,09,25,yes
2025-09-03 21:51:14,03,09,25,yes
2025-09-03 21:58:36,03,09,25,yes
2025-09-03 22:17:29,03,09,25,yes
2025-09-03 22:31:53,03,09,25,yes
2025-09-03 22:41:04,03,09,25,yes
2025-09-03 22:48:32,03,09,25,yes
2025-09-03 22:55:42,03,09,25,yes
2025-09-03 23:11:43,03,09,25,yes
2025-09-03 23:25:40,03,09,25,yes
2025-09-03 23:34:20,03,09,25,yes
2025-09-03 23:41:20,03,09,25,yes
2025-09-03 23:48:33,03,09,25,yes
2025-09-03 23:55:32,03,09,25,yes
2025-09-04 00:58:00,04,09,25,yes
2025-09-04 02:18:58,04,09,25,yes
2025-09-04 03:05:23,04,09,25,yes
2025-09-04 03:34:58,04,09,25,yes
2025-09-04 03:47:58,04,09,25,yes
2025-09-04 03:55:33,04,09,25,yes
2025-09-04 04:15:06,04,09,25,yes
2025-09-04 04:34:29,04,09,25,yes
2025-09-04 04:44:59,04,09,25,yes
2025-09-04 04:52:03,04,09,25,yes
2025-09-04 04:59:34,04,09,25,yes
2025-09-04 05:19:47,04,09,25,yes
2025-09-04 05:33:49,04,09,25,yes
2025-09-04 05:42:37,04,09,25,yes
2025-09-04 05:49:57,04,09,25,yes
2025-09-04 05:57:12,04,09,25,yes
2025-09-04 06:24:24,04,09,25,yes
2025-09-04 06:45:44,04,09,25,yes
2025-09-04 06:55:11,04,09,25,yes
2025-09-04 07:11:41,04,09,25,yes
2025-09-04 07:26:48,04,09,25,yes
2025-09-04 07:36:13,04,09,25,yes
2025-09-04 07:43:26,04,09,25,yes
2025-09-04 07:51:07,04,09,25,yes
2025-09-04 07:58:25,04,09,25,yes
2025-09-04 08:24:50,04,09,25,yes
2025-09-04 08:42:51,04,09,25,yes
2025-09-04 08:53:20,04,09,25,yes
2025-09-04 09:08:51,04,09,25,yes
2025-09-04 09:29:04,04,09,25,yes
2025-09-04 09:40:16,04,09,25,yes
2025-09-04 09:47:56,04,09,25,yes
2025-09-04 09:55:22,04,09,25,yes
2025-09-04 10:13:11,04,09,25,yes
2025-09-04 10:33:13,04,09,25,yes
2025-09-04 10:43:35,04,09,25,yes
2025-09-04 10:51:14,04,09,25,yes
2025-09-04 10:58:14,04,09,25,yes
2025-09-04 11:15:31,04,09,25,yes
2025-09-04 11:26:49,04,09,25,yes
2025-09-04 11:35:56,04,09,25,yes
2025-09-04 11:43:07,04,09,25,yes
2025-09-04 11:50:22,04,09,25,yes
2025-09-04 11:58:01,04,09,25,yes
2025-09-04 12:35:23,04,09,25,yes
2025-09-04 13:03:51,04,09,25,yes
2025-09-04 13:33:19,04,09,25,yes
2025-09-04 13:44:40,04,09,25,yes
2025-09-04 13:52:28,04,09,25,yes
2025-09-04 13:59:45,04,09,25,yes
2025-09-04 14:21:18,04,09,25,yes
2025-09-04 14:38:06,04,09,25,yes
2025-09-04 14:47:29,04,09,25,yes
2025-09-04 14:55:07,04,09,25,yes
2025-09-04 15:12:17,04,09,25,yes
2025-09-04 15:30:32,04,09,25,yes
2025-09-04 15:42:56,04,09,25,yes
2025-09-04 15:50:38,04,09,25,yes
2025-09-04 15:57:52,04,09,25,yes
2025-09-04 16:22:35,04,09,25,yes
2025-09-04 16:42:11,04,09,25,yes
2025-09-04 16:53:18,04,09,25,yes
2025-09-04 17:01:04,04,09,25,yes
2025-09-04 17:21:15,04,09,25,yes
2025-09-04 17:32:19,04,09,25,yes
2025-09-04 17:41:10,04,09,25,yes
2025-09-04 17:48:52,04,09,25,yes
2025-09-04 17:56:36,04,09,25,yes
2025-09-04 18:20:49,04,09,25,yes
2025-09-04 18:42:53,04,09,25,yes
2025-09-04 18:52:55,04,09,25,yes
2025-09-04 19:00:07,04,09,25,yes
2025-09-04 19:17:27,04,09,25,yes
2025-09-04 19:25:52,04,09,25,yes
2025-09-04 19:34:54,04,09,25,yes
2025-09-04 19:42:04,04,09,25,yes
2025-09-04 19:49:37,04,09,25,yes
2025-09-04 19:56:44,04,09,25,yes
2025-09-04 20:16:55,04,09,25,yes
2025-09-04 20:32:15,04,09,25,yes
2025-09-04 20:42:14,04,09,25,yes
2025-09-04 20:49:56,04,09,25,yes
2025-09-04 20:57:21,04,09,25,yes
2025-09-04 21:14:51,04,09,25,yes
2025-09-04 21:27:44,04,09,25,yes
2025-09-04 21:36:08,04,09,25,yes
2025-09-04 21:43:22,04,09,25,yes
2025-09-04 21:50:56,04,09,25,yes
2025-09-04 21:57:57,04,09,25,yes
2025-09-04 22:16:43,04,09,25,yes
2025-09-04 22:32:00,04,09,25,yes
2025-09-04 22:41:35,04,09,25,yes
2025-09-04 22:49:14,04,09,25,yes
2025-09-04 22:56:26,04,09,25,yes
2025-09-04 23:13:17,04,09,25,yes
2025-09-04 23:27:02,04,09,25,yes
2025-09-04 23:35:36,04,09,25,yes
2025-09-04 23:42:53,04,09,25,yes
2025-09-04 23:50:10,04,09,25,yes
2025-09-04 23:57:49,04,09,25,yes
2025-09-05 01:19:20,05,09,25,yes
2025-09-05 02:38:52,05,09,25,yes
2025-09-05 03:20:00,05,09,25,yes
2025-09-05 03:42:59,05,09,25,yes
2025-09-05 03:52:23,05,09,25,yes
2025-09-05 03:59:56,05,09,25,yes
2025-09-05 04:27:06,05,09,25,yes
2025-09-05 04:41:48,05,09,25,yes
2025-09-05 04:50:04,05,09,25,yes
2025-09-05 04:57:20,05,09,25,yes
2025-09-05 05:16:05,05,09,25,yes
2025-09-05 05:31:59,05,09,25,yes
2025-09-05 05:42:06,05,09,25,yes
2025-09-05 05:49:42,05,09,25,yes
2025-09-05 05:57:13,05,09,25,yes
2025-09-05 06:24:39,05,09,25,yes
2025-09-05 06:45:36,05,09,25,yes
2025-09-05 06:55:18,05,09,25,yes
2025-09-05 07:12:03,05,09,25,yes
2025-09-05 07:27:32,05,09,25,yes
2025-09-05 07:36:49,05,09,25,yes
2025-09-05 07:44:32,05,09,25,yes
2025-09-05 07:52:21,05,09,25,yes
2025-09-05 07:59:38,05,09,25,yes
2025-09-05 08:28:24,05,09,25,yes
2025-09-05 08:45:16,05,09,25,yes
2025-09-05 08:54:08,05,09,25,yes
2025-09-05 09:10:45,05,09,25,yes
2025-09-05 09:29:29,05,09,25,yes
2025-09-05 09:40:32,05,09,25,yes
2025-09-05 09:47:58,05,09,25,yes
2025-09-05 09:55:21,05,09,25,yes
2025-09-05 10:13:09,05,09,25,yes
2025-09-05 10:33:54,05,09,25,yes
2025-09-05 10:44:42,05,09,25,yes
2025-09-05 10:52:26,05,09,25,yes
2025-09-05 10:59:35,05,09,25,yes
2025-09-05 11:17:38,05,09,25,yes
2025-09-05 11:27:32,05,09,25,yes
2025-09-05 11:36:45,05,09,25,yes
2025-09-05 11:43:59,05,09,25,yes
2025-09-05 11:51:23,05,09,25,yes
2025-09-05 11:58:34,05,09,25,yes
2025-09-05 12:38:44,05,09,25,yes
2025-09-05 13:06:15,05,09,25,yes
2025-09-05 13:33:36,05,09,25,yes
2025-09-05 13:44:31,05,09,25,yes
2025-09-05 13:52:13,05,09,25,yes
2025-09-05 14:00:00,05,09,25,yes
2025-09-05 14:20:41,05,09,25,yes
2025-09-05 14:36:33,05,09,25,yes
2025-09-05 14:45:49,05,09,25,yes
2025-09-05 14:53:35,05,09,25,yes
2025-09-05 15:08:53,05,09,25,yes
2025-09-05 15:28:53,05,09,25,yes
2025-09-05 15:37:56,05,09,25,yes
2025-09-05 15:45:07,05,09,25,yes
2025-09-05 15:52:57,05,09,25,yes
2025-09-05 16:00:11,05,09,25,yes
2025-09-05 16:26:06,05,09,25,yes
2025-09-05 16:41:39,05,09,25,yes
2025-09-05 16:50:44,05,09,25,yes
2025-09-05 16:58:23,05,09,25,yes
2025-09-05 17:16:17,05,09,25,yes
2025-09-05 17:30:39,05,09,25,yes
2025-09-05 17:40:39,05,09,25,yes
2025-09-05 17:48:15,05,09,25,yes
2025-09-05 17:55:41,05,09,25,yes
2025-09-05 18:17:20,05,09,25,yes
2025-09-05 18:40:02,05,09,25,yes
2025-09-05 18:49:46,05,09,25,yes
2025-09-05 18:56:55,05,09,25,yes
2025-09-05 19:12:33,05,09,25,yes
2025-09-05 19:24:30,05,09,25,yes
2025-09-05 19:32:32,05,09,25,yes
2025-09-05 19:40:12,05,09,25,yes
2025-09-05 19:47:45,05,09,25,yes
2025-09-05 19:55:10,05,09,25,yes
2025-09-05 20:13:19,05,09,25,yes
2025-09-05 20:31:06,05,09,25,yes
2025-09-05 20:42:14,05,09,25,yes
2025-09-05 20:49:27,05,09,25,yes
2025-09-05 20:56:41,05,09,25,yes
2025-09-05 21:13:16,05,09,25,yes
2025-09-05 21:27:03,05,09,25,yes
2025-09-05 21:35:42,05,09,25,yes
2025-09-05 21:43:13,05,09,25,yes
2025-09-05 21:50:51,05,09,25,yes
2025-09-05 21:58:05,05,09,25,yes
2025-09-05 22:16:16,05,09,25,yes
2025-09-05 22:31:34,05,09,25,yes
2025-09-05 22:41:14,05,09,25,yes
2025-09-05 22:48:51,05,09,25,yes
2025-09-05 22:56:16,05,09,25,yes
2025-09-05 23:13:12,05,09,25,yes
2025-09-05 23:26:44,05,09,25,yes
2025-09-05 23:35:21,05,09,25,yes
2025-09-05 23:42:34,05,09,25,yes
2025-09-05 23:49:40,05,09,25,yes
2025-09-05 23:56:42,05,09,25,yes
2025-09-06 01:08:22,06,09,25,yes
2025-09-06 02:32:00,06,09,25,yes
2025-09-06 03:07:39,06,09,25,yes
2025-09-06 03:34:16,06,09,25,yes
2025-09-06 03:45:54,06,09,25,yes
2025-09-06 03:53:21,06,09,25,yes
2025-09-06 04:09:22,06,09,25,yes
2025-09-06 04:31:04,06,09,25,yes
2025-09-06 04:42:22,06,09,25,yes
2025-09-06 04:49:53,06,09,25,yes
2025-09-06 04:57:00,06,09,25,yes
2025-09-06 05:14:00,06,09,25,yes
2025-09-06 05:29:51,06,09,25,yes
2025-09-06 05:39:27,06,09,25,yes
2025-09-06 05:47:02,06,09,25,yes
2025-09-06 05:54:13,06,09,25,yes
2025-09-06 06:12:48,06,09,25,yes
2025-09-06 06:36:12,06,09,25,yes
2025-09-06 06:47:08,06,09,25,yes
2025-09-06 06:54:43,06,09,25,yes
2025-09-06 07:09:39,06,09,25,yes
2025-09-06 07:23:26,06,09,25,yes
2025-09-06 07:30:43,06,09,25,yes
2025-09-06 07:39:33,06,09,25,yes
2025-09-06 07:47:07,06,09,25,yes
2025-09-06 07:54:11,06,09,25,yes
2025-09-06 08:11:23,06,09,25,yes
2025-09-06 08:31:00,06,09,25,yes
2025-09-06 08:42:24,06,09,25,yes
2025-09-06 08:49:48,06,09,25,yes
2025-09-06 08:56:56,06,09,25,yes
2025-09-06 09:13:53,06,09,25,yes
2025-09-06 09:26:57,06,09,25,yes
2025-09-06 09:35:21,06,09,25,yes
2025-09-06 09:42:40,06,09,25,yes
2025-09-06 09:49:54,06,09,25,yes
2025-09-06 09:57:10,06,09,25,yes
2025-09-06 10:14:46,06,09,25,yes
2025-09-06 10:30:55,06,09,25,yes
2025-09-06 10:40:08,06,09,25,yes
2025-09-06 10:47:45,06,09,25,yes
2025-09-06 10:55:15,06,09,25,yes
2025-09-06 11:08:18,06,09,25,yes
2025-09-06 11:20:24,06,09,25,yes
2025-09-06 11:27:33,06,09,25,yes
2025-09-06 11:36:31,06,09,25,yes
2025-09-06 11:44:08,06,09,25,yes
2025-09-06 11:51:35,06,09,25,yes
2025-09-06 11:58:44,06,09,25,yes
2025-09-06 12:35:14,06,09,25,yes
2025-09-06 12:59:21,06,09,25,yes
2025-09-06 13:21:14,06,09,25,yes
2025-09-06 13:31:13,06,09,25,yes
2025-09-06 13:39:12,06,09,25,yes
2025-09-06 13:46:45,06,09,25,yes
2025-09-06 13:54:08,06,09,25,yes
2025-09-06 14:07:37,06,09,25,yes
2025-09-06 14:24:56,06,09,25,yes
2025-09-06 14:34:06,06,09,25,yes
2025-09-06 14:41:43,06,09,25,yes
2025-09-06 14:49:01,06,09,25,yes
2025-09-06 14:56:08,06,09,25,yes
2025-09-06 15:11:38,06,09,25,yes
2025-09-06 15:25:57,06,09,25,yes
2025-09-06 15:34:39,06,09,25,yes
2025-09-06 15:41:52,06,09,25,yes
2025-09-06 15:49:27,06,09,25,yes
2025-09-06 15:56:29,06,09,25,yes
2025-09-06 16:15:40,06,09,25,yes
2025-09-06 16:33:38,06,09,25,yes
2025-09-06 16:43:58,06,09,25,yes
2025-09-06 16:51:15,06,09,25,yes
2025-09-06 16:58:41,06,09,25,yes
2025-09-06 17:14:42,06,09,25,yes
2025-09-06 17:27:04,06,09,25,yes
2025-09-06 17:35:24,06,09,25,yes
2025-09-06 17:42:31,06,09,25,yes
2025-09-06 17:49:43,06,09,25,yes
2025-09-06 17:56:54,06,09,25,yes
2025-09-06 18:18:59,06,09,25,yes
2025-09-06 18:38:06,06,09,25,yes
2025-09-06 18:46:29,06,09,25,yes
2025-09-06 18:53:32,06,09,25,yes
2025-09-06 19:03:05,06,09,25,yes
2025-09-06 19:17:32,06,09,25,yes
2025-09-06 19:25:10,06,09,25,yes
2025-09-06 19:33:26,06,09,25,yes
2025-09-06 19:41:04,06,09,25,yes
2025-09-06 19:48:44,06,09,25,yes
2025-09-06 19:55:53,06,09,25,yes
2025-09-06 20:12:43,06,09,25,yes
2025-09-06 20:27:41,06,09,25,yes
2025-09-06 20:36:08,06,09,25,yes
2025-09-06 20:43:14,06,09,25,yes
2025-09-06 20:50:38,06,09,25,yes
2025-09-06 20:57:43,06,09,25,yes
2025-09-06 21:13:37,06,09,25,yes
2025-09-06 21:25:06,06,09,25,yes
2025-09-06 21:33:19,06,09,25,yes
2025-09-06 21:40:21,06,09,25,yes
2025-09-06 21:47:26,06,09,25,yes
2025-09-06 21:54:30,06,09,25,yes
2025-09-06 22:08:45,06,09,25,yes
2025-09-06 22:26:44,06,09,25,yes
2025-09-06 22:36:13,06,09,25,yes
2025-09-06 22:43:49,06,09,25,yes
2025-09-06 22:51:28,06,09,25,yes
2025-09-06 22:58:39,06,09,25,yes
2025-09-06 23:16:03,06,09,25,yes
2025-09-06 23:27:08,06,09,25,yes
2025-09-06 23:36:12,06,09,25,yes
2025-09-06 23:43:48,06,09,25,yes
2025-09-06 23:51:28,06,09,25,yes
2025-09-06 23:58:50,06,09,25,yes
2025-09-07 01:41:02,07,09,25,yes
2025-09-07 02:51:32,07,09,25,yes
2025-09-07 03:26:07,07,09,25,yes
2025-09-07 03:45:58,07,09,25,yes
2025-09-07 03:54:07,07,09,25,yes
2025-09-07 04:11:31,07,09,25,yes
2025-09-07 04:31:34,07,09,25,yes
2025-09-07 04:42:47,07,09,25,yes
2025-09-07 04:50:27,07,09,25,yes
2025-09-07 04:57:45,07,09,25,yes
2025-09-07 05:15:22,07,09,25,yes
2025-09-07 05:30:10,07,09,25,yes
2025-09-07 05:39:46,07,09,25,yes
2025-09-07 05:47:07,07,09,25,yes
2025-09-07 05:54:16,07,09,25,yes
2025-09-07 06:13:34,07,09,25,yes
2025-09-07 06:37:32,07,09,25,yes
2025-09-07 06:48:01,07,09,25,yes
2025-09-07 06:55:15,07,09,25,yes
2025-09-07 07:11:03,07,09,25,yes
2025-09-07 07:24:25,07,09,25,yes
2025-09-07 07:32:28,07,09,25,yes
2025-09-07 07:39:32,07,09,25,yes
2025-09-07 07:47:10,07,09,25,yes
2025-09-07 07:54:16,07,09,25,yes
2025-09-07 08:11:38,07,09,25,yes
2025-09-07 08:31:10,07,09,25,yes
2025-09-07 08:42:14,07,09,25,yes
2025-09-07 08:49:46,07,09,25,yes
2025-09-07 08:57:18,07,09,25,yes
2025-09-07 09:14:54,07,09,25,yes
2025-09-07 09:27:21,07,09,25,yes
2025-09-07 09:36:02,07,09,25,yes
2025-09-07 09:43:04,07,09,25,yes
2025-09-07 09:50:35,07,09,25,yes
2025-09-07 09:57:41,07,09,25,yes
2025-09-07 10:15:58,07,09,25,yes
2025-09-07 10:32:02,07,09,25,yes
2025-09-07 10:41:25,07,09,25,yes
2025-09-07 10:48:41,07,09,25,yes
2025-09-07 10:56:08,07,09,25,yes
2025-09-07 11:10:36,07,09,25,yes
2025-09-07 11:21:51,07,09,25,yes
2025-09-07 11:29:02,07,09,25,yes
2025-09-07 11:37:41,07,09,25,yes
2025-09-07 11:44:53,07,09,25,yes
2025-09-07 11:52:11,07,09,25,yes
2025-09-07 11:59:10,07,09,25,yes
2025-09-07 12:37:48,07,09,25,yes
2025-09-07 13:00:36,07,09,25,yes
2025-09-07 13:24:10,07,09,25,yes
2025-09-07 13:33:28,07,09,25,yes
2025-09-07 13:40:58,07,09,25,yes
2025-09-07 13:48:38,07,09,25,yes
2025-09-07 13:56:06,07,09,25,yes
2025-09-07 14:11:13,07,09,25,yes
2025-09-07 14:27:06,07,09,25,yes
2025-09-07 14:36:13,07,09,25,yes
2025-09-07 14:43:16,07,09,25,yes
2025-09-07 14:50:40,07,09,25,yes
2025-09-07 14:58:17,07,09,25,yes
2025-09-07 15:15:54,07,09,25,yes
2025-09-07 15:28:09,07,09,25,yes
2025-09-07 15:36:26,07,09,25,yes
2025-09-07 15:43:34,07,09,25,yes
2025-09-07 15:50:56,07,09,25,yes
2025-09-07 15:58:12,07,09,25,yes
2025-09-07 16:19:54,07,09,25,yes
2025-09-07 16:35:49,07,09,25,yes
2025-09-07 16:45:13,07,09,25,yes
2025-09-07 16:52:41,07,09,25,yes
2025-09-07 16:59:45,07,09,25,yes
2025-09-07 17:16:48,07,09,25,yes
2025-09-07 17:28:16,07,09,25,yes
2025-09-07 17:36:37,07,09,25,yes
2025-09-07 17:43:57,07,09,25,yes
2025-09-07 17:51:06,07,09,25,yes
2025-09-07 17:58:31,07,09,25,yes
2025-09-07 18:23:43,07,09,25,yes
2025-09-07 18:39:35,07,09,25,yes
2025-09-07 18:48:01,07,09,25,yes
2025-09-07 18:55:44,07,09,25,yes
2025-09-07 19:09:27,07,09,25,yes
2025-09-07 19:20:46,07,09,25,yes
2025-09-07 19:27:56,07,09,25,yes
2025-09-07 19:36:30,07,09,25,yes
2025-09-07 19:43:49,07,09,25,yes
2025-09-07 19:51:19,07,09,25,yes
2025-09-07 19:58:30,07,09,25,yes
2025-09-07 20:18:43,07,09,25,yes
2025-09-07 20:31:04,07,09,25,yes
2025-09-07 20:40:34,07,09,25,yes
2025-09-07 20:48:16,07,09,25,yes
2025-09-07 20:55:24,07,09,25,yes
2025-09-07 21:09:41,07,09,25,yes
2025-09-07 21:24:00,07,09,25,yes
2025-09-07 21:31:59,07,09,25,yes
2025-09-07 21:39:31,07,09,25,yes
2025-09-07 21:46:56,07,09,25,yes
2025-09-07 21:54:27,07,09,25,yes
2025-09-07 22:09:01,07,09,25,yes
2025-09-07 22:27:16,07,09,25,yes
2025-09-07 22:37:06,07,09,25,yes
2025-09-07 22:44:27,07,09,25,yes
2025-09-07 22:51:48,07,09,25,yes
2025-09-07 22:58:50,07,09,25,yes
2025-09-07 23:17:06,07,09,25,yes
2025-09-07 23:27:36,07,09,25,yes
2025-09-07 23:36:13,07,09,25,yes
2025-09-07 23:43:25,07,09,25,yes
2025-09-07 23:50:34,07,09,25,yes
2025-09-07 23:57:38,07,09,25,yes
2025-09-08 01:22:47,08,09,25,yes
2025-09-08 02:46:00,08,09,25,yes
2025-09-08 03:30:07,08,09,25,yes
2025-09-08 03:51:56,08,09,25,yes
2025-09-08 03:59:45,08,09,25,yes
2025-09-08 04:27:19,08,09,25,yes
2025-09-08 04:42:49,08,09,25,yes
2025-09-08 04:51:10,08,09,25,yes
2025-09-08 04:58:20,08,09,25,yes
2025-09-08 05:19:00,08,09,25,yes
2025-09-08 05:34:34,08,09,25,yes
2025-09-08 05:44:22,08,09,25,yes
2025-09-08 05:51:51,08,09,25,yes
2025-09-08 05:59:11,08,09,25,yes
2025-09-08 06:33:20,08,09,25,yes
2025-09-08 06:52:26,08,09,25,yes
2025-09-08 06:59:31,08,09,25,yes
2025-09-08 07:22:04,08,09,25,yes
2025-09-08 07:33:24,08,09,25,yes
2025-09-08 07:42:26,08,09,25,yes
2025-09-08 07:50:04,08,09,25,yes
2025-09-08 07:57:14,08,09,25,yes
2025-09-08 08:24:05,08,09,25,yes
2025-09-08 08:45:06,08,09,25,yes
2025-09-08 08:56:32,08,09,25,yes
2025-09-08 09:17:53,08,09,25,yes
2025-09-08 09:35:35,08,09,25,yes
2025-09-08 09:47:03,08,09,25,yes
2025-09-08 09:54:44,08,09,25,yes
2025-09-08 10:12:23,08,09,25,yes
2025-09-08 10:34:54,08,09,25,yes
2025-09-08 10:47:37,08,09,25,yes
2025-09-08 10:55:10,08,09,25,yes
2025-09-08 11:10:19,08,09,25,yes
2025-09-08 11:24:40,08,09,25,yes
2025-09-08 11:33:22,08,09,25,yes
2025-09-08 11:41:23,08,09,25,yes
2025-09-08 11:49:10,08,09,25,yes
2025-09-08 11:56:38,08,09,25,yes
2025-09-08 12:32:55,08,09,25,yes
2025-09-08 13:07:44,08,09,25,yes
2025-09-08 13:38:00,08,09,25,yes
2025-09-08 13:49:20,08,09,25,yes
2025-09-08 13:57:05,08,09,25,yes
2025-09-08 14:16:57,08,09,25,yes
2025-09-08 14:38:10,08,09,25,yes
2025-09-08 14:49:10,08,09,25,yes
2025-09-08 14:56:15,08,09,25,yes
2025-09-08 15:14:30,08,09,25,yes
2025-09-08 15:32:32,08,09,25,yes
2025-09-08 15:44:08,08,09,25,yes
2025-09-08 15:51:48,08,09,25,yes
2025-09-08 15:59:35,08,09,25,yes
2025-09-08 16:26:44,08,09,25,yes
2025-09-08 16:44:24,08,09,25,yes
2025-09-08 16:53:39,08,09,25,yes
2025-09-08 17:08:19,08,09,25,yes
2025-09-08 17:27:35,08,09,25,yes
2025-09-08 17:39:21,08,09,25,yes
2025-09-08 17:46:40,08,09,25,yes
2025-09-08 17:54:19,08,09,25,yes
2025-09-08 18:15:16,08,09,25,yes
2025-09-08 18:40:56,08,09,25,yes
2025-09-08 18:52:22,08,09,25,yes
2025-09-08 18:59:58,08,09,25,yes
2025-09-08 19:18:26,08,09,25,yes
2025-09-08 19:27:22,08,09,25,yes
2025-09-08 19:36:45,08,09,25,yes
2025-09-08 19:44:29,08,09,25,yes
2025-09-08 19:51:42,08,09,25,yes
2025-09-08 19:58:41,08,09,25,yes
2025-09-08 20:21:25,08,09,25,yes
2025-09-08 20:36:26,08,09,25,yes
2025-09-08 20:45:45,08,09,25,yes
2025-09-08 20:53:08,08,09,25,yes
2025-09-08 21:00:48,08,09,25,yes
2025-09-08 21:21:21,08,09,25,yes
2025-09-08 21:30:57,08,09,25,yes
2025-09-08 21:40:01,08,09,25,yes
2025-09-08 21:47:41,08,09,25,yes
2025-09-08 21:55:00,08,09,25,yes
2025-09-08 22:11:31,08,09,25,yes
2025-09-08 22:30:23,08,09,25,yes
2025-09-08 22:41:14,08,09,25,yes
2025-09-08 22:48:57,08,09,25,yes
2025-09-08 22:56:38,08,09,25,yes
2025-09-08 23:14:20,08,09,25,yes
2025-09-08 23:28:16,08,09,25,yes
2025-09-08 23:37:03,08,09,25,yes
2025-09-08 23:44:37,08,09,25,yes
2025-09-08 23:53:02,08,09,25,yes
2025-09-08 23:58:52,08,09,25,yes
2025-09-09 01:38:08,09,09,25,yes
2025-09-09 02:49:55,09,09,25,yes
2025-09-09 03:25:26,09,09,25,yes
2025-09-09 03:46:34,09,09,25,yes
2025-09-09 03:54:59,09,09,25,yes
2025-09-09 04:14:07,09,09,25,yes
2025-09-09 04:34:51,09,09,25,yes
2025-09-09 04:46:32,09,09,25,yes
2025-09-09 04:54:12,09,09,25,yes
2025-09-09 05:10:23,09,09,25,yes
2025-09-09 05:30:21,09,09,25,yes
2025-09-09 05:41:35,09,09,25,yes
2025-09-09 05:49:11,09,09,25,yes
2025-09-09 05:56:36,09,09,25,yes
2025-09-09 06:23:06,09,09,25,yes
2025-09-09 06:45:52,09,09,25,yes
2025-09-09 06:56:02,09,09,25,yes
2025-09-09 07:14:07,09,09,25,yes
2025-09-09 07:28:56,09,09,25,yes
2025-09-09 07:39:10,09,09,25,yes
2025-09-09 07:46:47,09,09,25,yes
2025-09-09 07:54:21,09,09,25,yes
2025-09-09 08:15:19,09,09,25,yes
2025-09-09 08:40:56,09,09,25,yes
2025-09-09 08:53:51,09,09,25,yes
2025-09-09 09:10:46,09,09,25,yes
2025-09-09 09:31:24,09,09,25,yes
2025-09-09 09:43:07,09,09,25,yes
2025-09-09 09:50:20,09,09,25,yes
2025-09-09 09:57:29,09,09,25,yes
2025-09-09 10:18:13,09,09,25,yes
2025-09-09 10:38:23,09,09,25,yes
2025-09-09 10:48:27,09,09,25,yes
2025-09-09 10:56:15,09,09,25,yes
2025-09-09 11:13:03,09,09,25,yes
2025-09-09 11:26:38,09,09,25,yes
2025-09-09 11:35:43,09,09,25,yes
2025-09-09 11:43:25,09,09,25,yes
2025-09-09 11:50:38,09,09,25,yes
2025-09-09 11:58:09,09,09,25,yes
2025-09-09 12:40:11,09,09,25,yes
2025-09-09 13:18:14,09,09,25,yes
2025-09-09 13:44:03,09,09,25,yes
2025-09-09 13:54:00,09,09,25,yes
2025-09-09 14:08:07,09,09,25,yes
2025-09-09 14:30:28,09,09,25,yes
2025-09-09 14:44:21,09,09,25,yes
2025-09-09 14:52:12,09,09,25,yes
2025-09-09 14:59:32,09,09,25,yes
2025-09-09 15:23:57,09,09,25,yes
2025-09-09 15:38:46,09,09,25,yes
2025-09-09 15:48:48,09,09,25,yes
2025-09-09 15:55:58,09,09,25,yes
2025-09-09 16:17:37,09,09,25,yes
2025-09-09 16:41:31,09,09,25,yes
2025-09-09 16:53:19,09,09,25,yes
2025-09-09 17:01:25,09,09,25,yes
2025-09-09 17:22:23,09,09,25,yes
2025-09-09 17:32:35,09,09,25,yes
2025-09-09 17:40:57,09,09,25,yes
2025-09-09 17:48:29,09,09,25,yes
2025-09-09 17:56:10,09,09,25,yes
2025-09-09 18:17:27,09,09,25,yes
2025-09-09 18:39:22,09,09,25,yes
2025-09-09 18:49:15,09,09,25,yes
2025-09-09 18:56:42,09,09,25,yes
2025-09-09 19:11:56,09,09,25,yes
2025-09-09 19:23:41,09,09,25,yes
2025-09-09 19:31:24,09,09,25,yes
2025-09-09 19:39:42,09,09,25,yes
2025-09-09 19:47:35,09,09,25,yes
2025-09-09 19:54:51,09,09,25,yes
2025-09-09 20:12:28,09,09,25,yes
2025-09-09 20:30:34,09,09,25,yes
2025-09-09 20:41:24,09,09,25,yes
2025-09-09 20:48:45,09,09,25,yes
2025-09-09 20:55:52,09,09,25,yes
2025-09-09 21:11:28,09,09,25,yes
2025-09-09 21:25:49,09,09,25,yes
2025-09-09 21:34:31,09,09,25,yes
2025-09-09 21:42:15,09,09,25,yes
2025-09-09 21:50:01,09,09,25,yes
2025-09-09 21:57:26,09,09,25,yes
2025-09-09 22:14:32,09,09,25,yes
2025-09-09 22:30:12,09,09,25,yes
2025-09-09 22:40:06,09,09,25,yes
2025-09-09 22:47:27,09,09,25,yes
2025-09-09 22:54:58,09,09,25,yes
2025-09-09 23:10:02,09,09,25,yes
2025-09-09 23:24:22,09,09,25,yes
2025-09-09 23:32:41,09,09,25,yes
2025-09-09 23:40:37,09,09,25,yes
2025-09-09 23:47:52,09,09,25,yes
2025-09-09 23:55:16,09,09,25,yes
2025-09-10 00:56:27,10,09,25,yes
2025-09-10 02:17:38,10,09,25,yes
2025-09-10 03:04:51,10,09,25,yes
2025-09-10 03:34:00,10,09,25,yes
2025-09-10 03:47:23,10,09,25,yes
2025-09-10 03:54:35,10,09,25,yes
2025-09-10 04:12:55,10,09,25,yes
2025-09-10 04:32:07,10,09,25,yes
2025-09-10 04:43:28,10,09,25,yes
2025-09-10 04:51:09,10,09,25,yes
2025-09-10 04:58:22,10,09,25,yes
2025-09-10 05:17:52,10,09,25,yes
2025-09-10 05:32:42,10,09,25,yes
2025-09-10 05:42:32,10,09,25,yes
2025-09-10 05:49:40,10,09,25,yes
2025-09-10 05:57:20,10,09,25,yes
2025-09-10 06:25:08,10,09,25,yes
2025-09-10 06:46:06,10,09,25,yes
2025-09-10 06:55:03,10,09,25,yes
2025-09-10 07:11:59,10,09,25,yes
2025-09-10 07:28:05,10,09,25,yes
2025-09-10 07:38:02,10,09,25,yes
2025-09-10 07:45:21,10,09,25,yes
2025-09-10 07:53:06,10,09,25,yes
2025-09-10 08:00:18,10,09,25,yes
2025-09-10 08:31:34,10,09,25,yes
2025-09-10 08:47:43,10,09,25,yes
2025-09-10 08:55:50,10,09,25,yes
2025-09-10 09:14:12,10,09,25,yes
2025-09-10 09:30:44,10,09,25,yes
2025-09-10 09:41:48,10,09,25,yes
2025-09-10 09:49:41,10,09,25,yes
2025-09-10 09:56:42,10,09,25,yes
2025-09-10 10:15:56,10,09,25,yes
2025-09-10 10:34:11,10,09,25,yes
2025-09-10 10:44:19,10,09,25,yes
2025-09-10 10:52:01,10,09,25,yes
2025-09-10 10:59:27,10,09,25,yes
2025-09-10 11:17:14,10,09,25,yes
2025-09-10 11:26:50,10,09,25,yes
2025-09-10 11:36:05,10,09,25,yes
2025-09-10 11:43:17,10,09,25,yes
2025-09-10 11:50:54,10,09,25,yes
2025-09-10 11:57:59,10,09,25,yes
2025-09-10 12:36:48,10,09,25,yes
2025-09-10 13:05:50,10,09,25,yes
2025-09-10 13:33:30,10,09,25,yes
2025-09-10 13:44:57,10,09,25,yes
2025-09-10 13:52:56,10,09,25,yes
2025-09-10 14:00:18,10,09,25,yes
2025-09-10 14:21:30,10,09,25,yes
2025-09-10 14:37:08,10,09,25,yes
2025-09-10 14:46:15,10,09,25,yes
2025-09-10 14:53:55,10,09,25,yes
2025-09-10 15:09:47,10,09,25,yes
2025-09-10 15:29:14,10,09,25,yes
2025-09-10 15:40:35,10,09,25,yes
2025-09-10 15:47:50,10,09,25,yes
2025-09-10 15:55:48,10,09,25,yes
2025-09-10 16:16:36,10,09,25,yes
2025-09-10 16:40:12,10,09,25,yes
2025-09-10 16:51:10,10,09,25,yes
2025-09-10 16:58:42,10,09,25,yes
2025-09-10 17:16:21,10,09,25,yes
2025-09-10 17:29:53,10,09,25,yes
2025-09-10 17:39:45,10,09,25,yes
2025-09-10 17:47:40,10,09,25,yes
2025-09-10 17:54:54,10,09,25,yes
2025-09-10 18:16:39,10,09,25,yes
2025-09-10 18:42:02,10,09,25,yes
2025-09-10 18:52:44,10,09,25,yes
2025-09-10 18:59:44,10,09,25,yes
2025-09-10 19:17:45,10,09,25,yes
2025-09-10 19:26:25,10,09,25,yes
2025-09-10 19:35:29,10,09,25,yes
2025-09-10 19:42:52,10,09,25,yes
2025-09-10 19:50:07,10,09,25,yes
2025-09-10 19:57:30,10,09,25,yes
2025-09-10 20:18:15,10,09,25,yes
2025-09-10 20:32:49,10,09,25,yes
2025-09-10 20:43:45,10,09,25,yes
2025-09-10 20:51:34,10,09,25,yes
2025-09-10 20:58:40,10,09,25,yes
2025-09-10 21:17:25,10,09,25,yes
2025-09-10 21:28:48,10,09,25,yes
2025-09-10 21:37:28,10,09,25,yes
2025-09-10 21:44:58,10,09,25,yes
2025-09-10 21:52:02,10,09,25,yes
2025-09-10 21:59:45,10,09,25,yes
2025-09-10 22:19:54,10,09,25,yes
2025-09-10 22:32:56,10,09,25,yes
2025-09-10 22:42:13,10,09,25,yes
2025-09-10 22:49:40,10,09,25,yes
2025-09-10 22:56:38,10,09,25,yes
2025-09-10 23:13:52,10,09,25,yes
2025-09-10 23:26:55,10,09,25,yes
2025-09-10 23:35:57,10,09,25,yes
2025-09-10 23:43:43,10,09,25,yes
2025-09-10 23:51:34,10,09,25,yes
2025-09-10 23:58:40,10,09,25,yes
2025-09-11 01:27:51,11,09,25,yes
2025-09-11 02:45:11,11,09,25,yes
2025-09-11 03:23:23,11,09,25,yes
2025-09-11 03:44:54,11,09,25,yes
2025-09-11 03:54:09,11,09,25,yes
2025-09-11 04:12:04,11,09,25,yes
2025-09-11 04:33:13,11,09,25,yes
2025-09-11 04:44:52,11,09,25,yes
2025-09-11 04:52:36,11,09,25,yes
2025-09-11 05:00:08,11,09,25,yes
2025-09-11 05:21:55,11,09,25,yes
2025-09-11 05:35:29,11,09,25,yes
2025-09-11 05:43:49,11,09,25,yes
2025-09-11 05:51:34,11,09,25,yes
2025-09-11 05:59:19,11,09,25,yes
2025-09-11 06:32:02,11,09,25,yes
2025-09-11 06:50:29,11,09,25,yes
2025-09-11 06:57:48,11,09,25,yes
2025-09-11 07:17:11,11,09,25,yes
2025-09-11 07:30:01,11,09,25,yes
2025-09-11 07:39:23,11,09,25,yes
2025-09-11 07:47:03,11,09,25,yes
2025-09-11 07:54:08,11,09,25,yes
2025-09-11 08:14:19,11,09,25,yes
2025-09-11 08:36:48,11,09,25,yes
2025-09-11 08:49:44,11,09,25,yes
2025-09-11 08:57:32,11,09,25,yes
2025-09-11 09:17:55,11,09,25,yes
2025-09-11 09:32:26,11,09,25,yes
2025-09-11 09:42:34,11,09,25,yes
2025-09-11 09:50:22,11,09,25,yes
2025-09-11 09:57:46,11,09,25,yes
2025-09-11 10:17:51,11,09,25,yes
2025-09-11 10:35:26,11,09,25,yes
2025-09-11 10:44:19,11,09,25,yes
2025-09-11 10:51:56,11,09,25,yes
2025-09-11 10:59:32,11,09,25,yes
2025-09-11 11:17:00,11,09,25,yes
2025-09-11 11:26:31,11,09,25,yes
2025-09-11 11:36:02,11,09,25,yes
2025-09-11 11:43:18,11,09,25,yes
2025-09-11 11:51:05,11,09,25,yes
2025-09-11 11:58:42,11,09,25,yes
2025-09-11 12:39:11,11,09,25,yes
2025-09-11 13:05:31,11,09,25,yes
2025-09-11 13:31:08,11,09,25,yes
2025-09-11 13:41:33,11,09,25,yes
2025-09-11 13:49:23,11,09,25,yes
2025-09-11 13:56:35,11,09,25,yes
2025-09-11 14:15:22,11,09,25,yes
2025-09-11 14:33:17,11,09,25,yes
2025-09-11 14:44:25,11,09,25,yes
2025-09-11 14:52:16,11,09,25,yes
2025-09-11 14:59:50,11,09,25,yes
2025-09-11 15:20:26,11,09,25,yes
2025-09-11 15:31:33,11,09,25,yes
2025-09-11 15:41:32,11,09,25,yes
2025-09-11 15:49:27,11,09,25,yes
2025-09-11 15:56:51,11,09,25,yes
2025-09-11 16:19:41,11,09,25,yes
2025-09-11 16:38:14,11,09,25,yes
2025-09-11 16:47:10,11,09,25,yes
2025-09-11 16:54:53,11,09,25,yes
2025-09-11 17:09:13,11,09,25,yes
2025-09-11 17:26:35,11,09,25,yes
2025-09-11 17:34:58,11,09,25,yes
2025-09-11 17:42:44,11,09,25,yes
2025-09-11 17:50:10,11,09,25,yes
2025-09-11 17:57:14,11,09,25,yes
2025-09-11 18:19:43,11,09,25,yes
2025-09-11 18:39:52,11,09,25,yes
2025-09-11 18:49:02,11,09,25,yes
2025-09-11 18:56:27,11,09,25,yes
2025-09-11 19:11:08,11,09,25,yes
2025-09-11 19:23:16,11,09,25,yes
2025-09-11 19:30:59,11,09,25,yes
2025-09-11 19:39:44,11,09,25,yes
2025-09-11 19:47:15,11,09,25,yes
2025-09-11 19:54:42,11,09,25,yes
2025-09-11 20:10:23,11,09,25,yes
2025-09-11 20:27:03,11,09,25,yes
2025-09-11 20:36:31,11,09,25,yes
2025-09-11 20:43:52,11,09,25,yes
2025-09-11 20:51:39,11,09,25,yes
2025-09-11 20:58:48,11,09,25,yes
2025-09-11 21:16:46,11,09,25,yes
2025-09-11 21:27:34,11,09,25,yes
2025-09-11 21:36:03,11,09,25,yes
2025-09-11 21:43:20,11,09,25,yes
2025-09-11 21:50:54,11,09,25,yes
2025-09-11 21:58:32,11,09,25,yes
2025-09-11 22:17:26,11,09,25,yes
2025-09-11 22:31:48,11,09,25,yes
2025-09-11 22:41:18,11,09,25,yes
2025-09-11 22:49:01,11,09,25,yes
2025-09-11 22:56:14,11,09,25,yes
2025-09-11 23:12:58,11,09,25,yes
2025-09-11 23:26:41,11,09,25,yes
2025-09-11 23:35:18,11,09,25,yes
2025-09-11 23:42:51,11,09,25,yes
2025-09-11 23:50:18,11,09,25,yes
2025-09-11 23:57:48,11,09,25,yes
2025-09-12 01:17:23,12,09,25,yes
2025-09-12 02:34:29,12,09,25,yes
2025-09-12 03:07:55,12,09,25,yes
2025-09-12 03:34:54,12,09,25,yes
2025-09-12 03:46:39,12,09,25,yes
2025-09-12 03:53:59,12,09,25,yes
2025-09-12 04:11:23,12,09,25,yes
2025-09-12 04:31:44,12,09,25,yes
2025-09-12 04:42:45,12,09,25,yes
2025-09-12 04:50:03,12,09,25,yes
2025-09-12 04:57:23,12,09,25,yes
2025-09-12 05:15:44,12,09,25,yes
2025-09-12 05:32:11,12,09,25,yes
2025-09-12 05:41:42,12,09,25,yes
2025-09-12 05:49:18,12,09,25,yes
2025-09-12 05:56:48,12,09,25,yes
2025-09-12 06:23:11,12,09,25,yes
2025-09-12 06:44:21,12,09,25,yes
2025-09-12 06:53:46,12,09,25,yes
2025-09-12 07:08:59,12,09,25,yes
2025-09-12 07:25:39,12,09,25,yes
2025-09-12 07:34:06,12,09,25,yes
2025-09-12 07:41:17,12,09,25,yes
2025-09-12 07:49:02,12,09,25,yes
2025-09-12 07:56:18,12,09,25,yes
2025-09-12 08:19:00,12,09,25,yes
2025-09-12 08:40:00,12,09,25,yes
2025-09-12 08:51:45,12,09,25,yes
2025-09-12 08:59:08,12,09,25,yes
2025-09-12 09:20:27,12,09,25,yes
2025-09-12 09:32:18,12,09,25,yes
2025-09-12 09:41:59,12,09,25,yes
2025-09-12 09:49:46,12,09,25,yes
2025-09-12 09:56:51,12,09,25,yes
2025-09-12 10:16:30,12,09,25,yes
2025-09-12 10:35:01,12,09,25,yes
2025-09-12 10:44:33,12,09,25,yes
2025-09-12 10:52:09,12,09,25,yes
2025-09-12 10:59:32,12,09,25,yes
2025-09-12 11:17:37,12,09,25,yes
2025-09-12 11:27:02,12,09,25,yes
2025-09-12 11:36:05,12,09,25,yes
2025-09-12 11:43:32,12,09,25,yes
2025-09-12 11:50:51,12,09,25,yes
2025-09-12 11:58:01,12,09,25,yes
2025-09-12 12:35:57,12,09,25,yes
2025-09-12 13:03:50,12,09,25,yes
2025-09-12 13:31:56,12,09,25,yes
2025-09-12 13:43:11,12,09,25,yes
2025-09-12 13:50:27,12,09,25,yes
2025-09-12 13:57:44,12,09,25,yes
2025-09-12 14:16:27,12,09,25,yes
2025-09-12 14:33:42,12,09,25,yes
2025-09-12 14:44:20,12,09,25,yes
2025-09-12 14:52:10,12,09,25,yes
2025-09-12 14:59:34,12,09,25,yes
2025-09-12 15:20:48,12,09,25,yes
2025-09-12 15:31:45,12,09,25,yes
2025-09-12 15:39:36,12,09,25,yes
2025-09-12 15:47:05,12,09,25,yes
2025-09-12 15:54:36,12,09,25,yes
2025-09-12 16:11:02,12,09,25,yes
2025-09-12 16:32:00,12,09,25,yes
2025-09-12 16:44:30,12,09,25,yes
2025-09-12 16:52:16,12,09,25,yes
2025-09-12 16:59:28,12,09,25,yes
2025-09-12 17:17:27,12,09,25,yes
2025-09-12 17:30:17,12,09,25,yes
2025-09-12 17:38:52,12,09,25,yes
2025-09-12 17:46:29,12,09,25,yes
2025-09-12 17:54:07,12,09,25,yes
2025-09-12 18:12:57,12,09,25,yes
2025-09-12 18:34:42,12,09,25,yes
2025-09-12 18:46:00,12,09,25,yes
2025-09-12 18:53:31,12,09,25,yes
2025-09-12 19:03:44,12,09,25,yes
2025-09-12 19:19:53,12,09,25,yes
2025-09-12 19:27:37,12,09,25,yes
2025-09-12 19:36:33,12,09,25,yes
2025-09-12 19:44:05,12,09,25,yes
2025-09-12 19:51:12,12,09,25,yes
2025-09-12 19:58:24,12,09,25,yes
2025-09-12 20:20:02,12,09,25,yes
2025-09-12 20:32:38,12,09,25,yes
2025-09-12 20:41:38,12,09,25,yes
2025-09-12 20:49:19,12,09,25,yes
2025-09-12 20:56:27,12,09,25,yes
2025-09-12 21:12:15,12,09,25,yes
2025-09-12 21:25:46,12,09,25,yes
2025-09-12 21:34:37,12,09,25,yes
2025-09-12 21:42:22,12,09,25,yes
2025-09-12 21:49:30,12,09,25,yes
2025-09-12 21:56:39,12,09,25,yes
2025-09-12 22:13:16,12,09,25,yes
2025-09-12 22:29:25,12,09,25,yes
2025-09-12 22:39:18,12,09,25,yes
2025-09-12 22:46:50,12,09,25,yes
2025-09-12 22:54:29,12,09,25,yes
2025-09-12 23:09:35,12,09,25,yes
2025-09-12 23:24:15,12,09,25,yes
2025-09-12 23:32:36,12,09,25,yes
2025-09-12 23:40:45,12,09,25,yes
2025-09-12 23:47:57,12,09,25,yes
2025-09-12 23:55:11,12,09,25,yes
2025-09-13 00:52:17,13,09,25,yes
2025-09-13 02:06:15,13,09,25,yes
2025-09-13 02:53:47,13,09,25,yes
2025-09-13 03:13:43,13,09,25,yes
2025-09-13 03:32:17,13,09,25,yes
2025-09-13 03:41:43,13,09,25,yes
2025-09-13 03:49:20,13,09,25,yes
2025-09-13 03:56:29,13,09,25,yes
2025-09-13 04:16:27,13,09,25,yes
2025-09-13 04:33:20,13,09,25,yes
2025-09-13 04:42:39,13,09,25,yes
2025-09-13 04:50:05,13,09,25,yes
2025-09-13 04:57:49,13,09,25,yes
2025-09-13 05:15:34,13,09,25,yes
2025-09-13 05:30:02,13,09,25,yes
2025-09-13 05:39:32,13,09,25,yes
2025-09-13 05:46:41,13,09,25,yes
2025-09-13 05:54:01,13,09,25,yes
2025-09-13 06:12:33,13,09,25,yes
2025-09-13 06:35:48,13,09,25,yes
2025-09-13 06:46:34,13,09,25,yes
2025-09-13 06:54:12,13,09,25,yes
2025-09-13 07:08:25,13,09,25,yes
2025-09-13 07:22:33,13,09,25,yes
2025-09-13 07:30:01,13,09,25,yes
2025-09-13 07:38:25,13,09,25,yes
2025-09-13 07:45:48,13,09,25,yes
2025-09-13 07:53:32,13,09,25,yes
2025-09-13 08:10:27,13,09,25,yes
2025-09-13 08:31:17,13,09,25,yes
2025-09-13 08:42:53,13,09,25,yes
2025-09-13 08:50:21,13,09,25,yes
2025-09-13 08:57:39,13,09,25,yes
2025-09-13 09:15:19,13,09,25,yes
2025-09-13 09:27:45,13,09,25,yes
2025-09-13 09:36:07,13,09,25,yes
2025-09-13 09:43:44,13,09,25,yes
2025-09-13 09:51:24,13,09,25,yes
2025-09-13 09:58:56,13,09,25,yes
2025-09-13 10:18:11,13,09,25,yes
2025-09-13 10:32:05,13,09,25,yes
2025-09-13 10:40:54,13,09,25,yes
2025-09-13 10:48:20,13,09,25,yes
2025-09-13 10:55:27,13,09,25,yes
2025-09-13 11:09:22,13,09,25,yes
2025-09-13 11:21:07,13,09,25,yes
2025-09-13 11:28:12,13,09,25,yes
2025-09-13 11:36:59,13,09,25,yes
2025-09-13 11:44:28,13,09,25,yes
2025-09-13 11:52:02,13,09,25,yes
2025-09-13 11:59:11,13,09,25,yes
2025-09-13 12:37:21,13,09,25,yes
2025-09-13 12:59:52,13,09,25,yes
2025-09-13 13:22:21,13,09,25,yes
2025-09-13 13:31:56,13,09,25,yes
2025-09-13 13:39:10,13,09,25,yes
2025-09-13 13:46:46,13,09,25,yes
2025-09-13 13:54:06,13,09,25,yes
2025-09-13 14:07:22,13,09,25,yes
2025-09-13 14:23:35,13,09,25,yes
2025-09-13 14:31:15,13,09,25,yes
2025-09-13 14:38:46,13,09,25,yes
2025-09-13 14:46:01,13,09,25,yes
2025-09-13 14:53:31,13,09,25,yes
2025-09-13 15:04:25,13,09,25,yes
2025-09-13 15:22:11,13,09,25,yes
2025-09-13 15:29:17,13,09,25,yes
2025-09-13 15:37:40,13,09,25,yes
2025-09-13 15:44:54,13,09,25,yes
2025-09-13 15:52:30,13,09,25,yes
2025-09-13 15:59:42,13,09,25,yes
2025-09-13 16:22:57,13,09,25,yes
2025-09-13 16:36:16,13,09,25,yes
2025-09-13 16:44:09,13,09,25,yes
2025-09-13 16:51:21,13,09,25,yes
2025-09-13 16:58:32,13,09,25,yes
2025-09-13 17:13:36,13,09,25,yes
2025-09-13 17:25:36,13,09,25,yes
2025-09-13 17:33:54,13,09,25,yes
2025-09-13 17:41:15,13,09,25,yes
2025-09-13 17:48:56,13,09,25,yes
2025-09-13 17:56:01,13,09,25,yes
2025-09-13 18:16:22,13,09,25,yes
2025-09-13 18:35:11,13,09,25,yes
2025-09-13 18:44:34,13,09,25,yes
2025-09-13 18:51:57,13,09,25,yes
2025-09-13 18:59:04,13,09,25,yes
2025-09-13 19:13:43,13,09,25,yes
2025-09-13 19:21:50,13,09,25,yes
2025-09-13 19:29:02,13,09,25,yes
2025-09-13 19:37:13,13,09,25,yes
2025-09-13 19:44:54,13,09,25,yes
2025-09-13 19:52:30,13,09,25,yes
2025-09-13 19:59:37,13,09,25,yes
2025-09-13 20:20:14,13,09,25,yes
2025-09-13 20:30:09,13,09,25,yes
2025-09-13 20:38:18,13,09,25,yes
2025-09-13 20:45:25,13,09,25,yes
2025-09-13 20:53:05,13,09,25,yes
2025-09-13 21:00:45,13,09,25,yes
2025-09-13 21:18:46,13,09,25,yes
2025-09-13 21:26:54,13,09,25,yes
2025-09-13 21:35:44,13,09,25,yes
2025-09-13 21:43:01,13,09,25,yes
2025-09-13 21:50:42,13,09,25,yes
2025-09-13 21:58:00,13,09,25,yes
2025-09-13 22:15:10,13,09,25,yes
2025-09-13 22:29:09,13,09,25,yes
2025-09-13 22:37:43,13,09,25,yes
2025-09-13 22:44:54,13,09,25,yes
2025-09-13 22:52:27,13,09,25,yes
2025-09-13 22:59:40,13,09,25,yes
2025-09-13 23:18:07,13,09,25,yes
2025-09-13 23:27:33,13,09,25,yes
2025-09-13 23:36:28,13,09,25,yes
2025-09-13 23:43:47,13,09,25,yes
2025-09-13 23:51:31,13,09,25,yes
2025-09-13 23:59:05,13,09,25,yes
2025-09-14 01:43:21,14,09,25,yes
2025-09-14 02:51:47,14,09,25,yes
2025-09-14 03:25:20,14,09,25,yes
2025-09-14 03:45:09,14,09,25,yes
2025-09-14 03:53:24,14,09,25,yes
2025-09-14 04:09:38,14,09,25,yes
2025-09-14 04:31:14,14,09,25,yes
2025-09-14 04:42:04,14,09,25,yes
2025-09-14 04:49:33,14,09,25,yes
2025-09-14 04:57:03,14,09,25,yes
2025-09-14 05:14:15,14,09,25,yes
2025-09-14 05:29:42,14,09,25,yes
2025-09-14 05:39:12,14,09,25,yes
2025-09-14 05:46:31,14,09,25,yes
2025-09-14 05:53:33,14,09,25,yes
2025-09-14 06:11:29,14,09,25,yes
2025-09-14 06:36:44,14,09,25,yes
2025-09-14 06:48:07,14,09,25,yes
2025-09-14 06:55:29,14,09,25,yes
2025-09-14 07:11:07,14,09,25,yes
2025-09-14 07:24:46,14,09,25,yes
2025-09-14 07:33:18,14,09,25,yes
2025-09-14 07:40:52,14,09,25,yes
2025-09-14 07:48:35,14,09,25,yes
2025-09-14 07:55:55,14,09,25,yes
2025-09-14 08:15:51,14,09,25,yes
2025-09-14 08:33:40,14,09,25,yes
2025-09-14 08:44:18,14,09,25,yes
2025-09-14 08:51:40,14,09,25,yes
2025-09-14 08:58:53,14,09,25,yes
2025-09-14 09:17:58,14,09,25,yes
2025-09-14 09:29:01,14,09,25,yes
2025-09-14 09:37:40,14,09,25,yes
2025-09-14 09:44:43,14,09,25,yes
2025-09-14 09:52:09,14,09,25,yes
2025-09-14 09:59:22,14,09,25,yes
2025-09-14 10:18:23,14,09,25,yes
2025-09-14 10:31:15,14,09,25,yes
2025-09-14 10:39:31,14,09,25,yes
2025-09-14 10:47:02,14,09,25,yes
2025-09-14 10:54:09,14,09,25,yes
2025-09-14 11:07:02,14,09,25,yes
2025-09-14 11:19:22,14,09,25,yes
2025-09-14 11:26:58,14,09,25,yes
2025-09-14 11:35:47,14,09,25,yes
2025-09-14 11:43:01,14,09,25,yes
2025-09-14 11:50:30,14,09,25,yes
2025-09-14 11:57:51,14,09,25,yes
2025-09-14 12:31:53,14,09,25,yes
2025-09-14 12:57:45,14,09,25,yes
2025-09-14 13:18:18,14,09,25,yes
2025-09-14 13:30:04,14,09,25,yes
2025-09-14 13:37:54,14,09,25,yes
2025-09-14 13:45:33,14,09,25,yes
2025-09-14 13:52:50,14,09,25,yes
2025-09-14 14:00:03,14,09,25,yes
2025-09-14 14:17:44,14,09,25,yes
2025-09-14 14:29:41,14,09,25,yes
2025-09-14 14:37:52,14,09,25,yes
2025-09-14 14:44:54,14,09,25,yes
2025-09-14 14:52:24,14,09,25,yes
2025-09-14 14:59:32,14,09,25,yes
2025-09-14 15:18:57,14,09,25,yes
2025-09-14 15:28:47,14,09,25,yes
2025-09-14 15:36:49,14,09,25,yes
2025-09-14 15:43:52,14,09,25,yes
2025-09-14 15:51:29,14,09,25,yes
2025-09-14 15:58:44,14,09,25,yes
2025-09-14 16:20:25,14,09,25,yes
2025-09-14 16:35:03,14,09,25,yes
2025-09-14 16:42:56,14,09,25,yes
2025-09-14 16:50:16,14,09,25,yes
2025-09-14 16:57:58,14,09,25,yes
2025-09-14 17:13:05,14,09,25,yes
2025-09-14 17:25:57,14,09,25,yes
2025-09-14 17:34:17,14,09,25,yes
2025-09-14 17:41:26,14,09,25,yes
2025-09-14 17:48:38,14,09,25,yes
2025-09-14 17:55:43,14,09,25,yes
2025-09-14 18:16:12,14,09,25,yes
2025-09-14 18:35:15,14,09,25,yes
2025-09-14 18:45:24,14,09,25,yes
2025-09-14 18:52:42,14,09,25,yes
2025-09-14 19:00:00,14,09,25,yes
2025-09-14 19:15:15,14,09,25,yes
2025-09-14 19:22:35,14,09,25,yes
2025-09-14 19:30:17,14,09,25,yes
2025-09-14 19:38:09,14,09,25,yes
2025-09-14 19:45:54,14,09,25,yes
2025-09-14 19:53:39,14,09,25,yes
2025-09-14 20:08:45,14,09,25,yes
2025-09-14 20:26:32,14,09,25,yes
2025-09-14 20:35:24,14,09,25,yes
2025-09-14 20:42:27,14,09,25,yes
2025-09-14 20:50:10,14,09,25,yes
2025-09-14 20:57:41,14,09,25,yes
2025-09-14 21:13:57,14,09,25,yes
2025-09-14 21:25:17,14,09,25,yes
2025-09-14 21:33:35,14,09,25,yes
2025-09-14 21:41:16,14,09,25,yes
2025-09-14 21:49:03,14,09,25,yes
2025-09-14 21:56:14,14,09,25,yes
2025-09-14 22:12:23,14,09,25,yes
2025-09-14 22:28:43,14,09,25,yes
2025-09-14 22:38:08,14,09,25,yes
2025-09-14 22:45:22,14,09,25,yes
2025-09-14 22:53:10,14,09,25,yes
2025-09-14 23:00:52,14,09,25,yes
2025-09-14 23:20:30,14,09,25,yes
2025-09-14 23:28:42,14,09,25,yes
2025-09-14 23:37:28,14,09,25,yes
2025-09-14 23:44:48,14,09,25,yes
2025-09-14 23:52:30,14,09,25,yes
2025-09-14 23:59:32,14,09,25,yes
2025-09-15 01:49:00,15,09,25,yes
2025-09-15 03:00:18,15,09,25,yes
2025-09-15 03:40:41,15,09,25,yes
2025-09-15 03:55:59,15,09,25,yes
2025-09-15 04:17:22,15,09,25,yes
2025-09-15 04:37:51,15,09,25,yes
2025-09-15 04:48:29,15,09,25,yes
2025-09-15 04:56:18,15,09,25,yes
2025-09-15 05:15:09,15,09,25,yes
2025-09-15 05:32:59,15,09,25,yes
2025-09-15 05:43:49,15,09,25,yes
2025-09-15 05:51:05,15,09,25,yes
2025-09-15 05:58:15,15,09,25,yes
2025-09-15 06:30:39,15,09,25,yes
2025-09-15 06:51:13,15,09,25,yes
2025-09-15 06:58:59,15,09,25,yes
2025-09-15 07:21:12,15,09,25,yes
2025-09-15 07:33:40,15,09,25,yes
2025-09-15 07:42:50,15,09,25,yes
2025-09-15 07:50:31,15,09,25,yes
2025-09-15 07:58:16,15,09,25,yes
2025-09-15 08:25:42,15,09,25,yes
2025-09-15 08:43:54,15,09,25,yes
2025-09-15 08:53:57,15,09,25,yes
2025-09-15 09:12:05,15,09,25,yes
2025-09-15 09:32:12,15,09,25,yes
2025-09-15 09:43:54,15,09,25,yes
2025-09-15 09:51:18,15,09,25,yes
2025-09-15 09:58:40,15,09,25,yes
2025-09-15 10:20:53,15,09,25,yes
2025-09-15 10:39:07,15,09,25,yes
2025-09-15 10:48:08,15,09,25,yes
2025-09-15 10:55:48,15,09,25,yes
2025-09-15 11:11:29,15,09,25,yes
2025-09-15 11:24:47,15,09,25,yes
2025-09-15 11:33:34,15,09,25,yes
2025-09-15 11:41:30,15,09,25,yes
2025-09-15 11:49:16,15,09,25,yes
2025-09-15 11:57:09,15,09,25,yes
2025-09-15 12:34:13,15,09,25,yes
2025-09-15 13:06:30,15,09,25,yes
2025-09-15 13:33:22,15,09,25,yes
2025-09-15 13:43:54,15,09,25,yes
2025-09-15 13:51:58,15,09,25,yes
2025-09-15 13:59:43,15,09,25,yes
2025-09-15 14:22:23,15,09,25,yes
2025-09-15 14:36:55,15,09,25,yes
2025-09-15 14:46:13,15,09,25,yes
2025-09-15 14:54:04,15,09,25,yes
2025-09-15 15:11:35,15,09,25,yes
2025-09-15 15:30:59,15,09,25,yes
2025-09-15 15:42:16,15,09,25,yes
2025-09-15 15:49:27,15,09,25,yes
2025-09-15 15:57:19,15,09,25,yes
2025-09-15 16:20:47,15,09,25,yes
2025-09-15 16:41:46,15,09,25,yes
2025-09-15 16:52:18,15,09,25,yes
2025-09-15 16:59:44,15,09,25,yes
2025-09-15 17:18:24,15,09,25,yes
2025-09-15 17:31:48,15,09,25,yes
2025-09-15 17:41:49,15,09,25,yes
2025-09-15 17:49:37,15,09,25,yes
2025-09-15 17:57:06,15,09,25,yes
2025-09-15 18:23:16,15,09,25,yes
2025-09-15 18:43:55,15,09,25,yes
2025-09-15 18:53:32,15,09,25,yes
2025-09-15 19:04:06,15,09,25,yes
2025-09-15 19:20:28,15,09,25,yes
2025-09-15 19:28:17,15,09,25,yes
2025-09-15 19:37:32,15,09,25,yes
2025-09-15 19:44:36,15,09,25,yes
2025-09-15 19:52:28,15,09,25,yes
2025-09-15 19:59:58,15,09,25,yes
2025-09-15 20:24:08,15,09,25,yes
2025-09-15 20:36:19,15,09,25,yes
2025-09-15 20:44:31,15,09,25,yes
2025-09-15 20:52:05,15,09,25,yes
2025-09-15 20:59:11,15,09,25,yes
2025-09-15 21:18:15,15,09,25,yes
2025-09-15 21:29:17,15,09,25,yes
2025-09-15 21:37:26,15,09,25,yes
2025-09-15 21:45:06,15,09,25,yes
2025-09-15 21:52:50,15,09,25,yes
2025-09-15 22:00:08,15,09,25,yes
2025-09-15 22:19:50,15,09,25,yes
2025-09-15 22:33:03,15,09,25,yes
2025-09-15 22:41:13,15,09,25,yes
2025-09-15 22:48:50,15,09,25,yes
2025-09-15 22:56:10,15,09,25,yes
2025-09-15 23:12:12,15,09,25,yes
2025-09-15 23:25:44,15,09,25,yes
2025-09-15 23:34:47,15,09,25,yes
2025-09-15 23:42:37,15,09,25,yes
2025-09-15 23:50:05,15,09,25,yes
2025-09-15 23:57:13,15,09,25,yes
2025-09-16 01:13:08,16,09,25,yes
2025-09-16 02:35:22,16,09,25,yes
2025-09-16 03:09:39,16,09,25,yes
2025-09-16 03:37:28,16,09,25,yes
2025-09-16 03:49:21,16,09,25,yes
2025-09-16 03:57:01,16,09,25,yes
2025-09-16 04:19:06,16,09,25,yes
2025-09-16 04:36:46,16,09,25,yes
2025-09-16 04:46:07,16,09,25,yes
2025-09-16 04:53:47,16,09,25,yes
2025-09-16 05:09:13,16,09,25,yes
2025-09-16 05:29:53,16,09,25,yes
2025-09-16 05:40:59,16,09,25,yes
2025-09-16 05:48:42,16,09,25,yes
2025-09-16 05:55:51,16,09,25,yes
2025-09-16 06:20:40,16,09,25,yes
2025-09-16 06:45:29,16,09,25,yes
2025-09-16 06:55:37,16,09,25,yes
2025-09-16 07:13:34,16,09,25,yes
2025-09-16 07:28:29,16,09,25,yes
2025-09-16 07:38:06,16,09,25,yes
2025-09-16 07:45:28,16,09,25,yes
2025-09-16 07:53:05,16,09,25,yes
2025-09-16 08:00:01,16,09,25,yes
2025-09-16 08:30:55,16,09,25,yes
2025-09-16 08:48:40,16,09,25,yes
2025-09-16 08:57:09,16,09,25,yes
2025-09-16 09:17:52,16,09,25,yes
2025-09-16 09:34:22,16,09,25,yes
2025-09-16 09:44:48,16,09,25,yes
2025-09-16 09:51:58,16,09,25,yes
2025-09-16 09:59:23,16,09,25,yes
2025-09-16 10:22:18,16,09,25,yes
2025-09-16 10:38:42,16,09,25,yes
2025-09-16 10:47:23,16,09,25,yes
